timestamp,lab,celsius
2024-09-10 08:00,Lab 1,21.0
2024-09-10 08:00,Lab 2,20.5
2024-09-10 08:00,Lab 3,18.2
2024-09-10 08:15,Lab 1,21.2
2024-09-10 08:15,Lab 2,20.7
2024-09-10 08:15,Lab 3,18.0
2024-09-10 08:30,Lab 1,21.1
2024-09-10 08:30,Lab 2,20.6
2024-09-10 08:30,Lab 3,18.3
2024-09-10 08:45,Lab 1,21.4
2024-09-10 08:45,Lab 2,20.9
2024-09-10 08:45,Lab 3,18.1
2024-09-10 09:00,Lab 1,21.8
2024-09-10 09:00,Lab 2,21.0
2024-09-10 09:00,Lab 3,18.4
2024-09-10 09:15,Lab 1,22.0
2024-09-10 09:15,Lab 2,95.0
2024-09-10 09:15,Lab 3,18.6
2024-09-10 09:30,Lab 1,22.3
2024-09-10 09:30,Lab 2,21.1
2024-09-10 09:30,Lab 3,18.5
2024-09-10 09:45,Lab 1,22.1
2024-09-10 09:45,Lab 2,21.3
2024-09-10 09:45,Lab 3,18.7
2024-09-10 10:00,Lab 1,22.4
2024-09-10 10:00,Lab 2,21.2
2024-09-10 10:00,Lab 3,18.9
2024-09-10 10:15,Lab 1,22.6
2024-09-10 10:15,Lab 2,21.0
2024-09-10 10:15,Lab 3,18.8
2024-09-10 10:30,Lab 1,22.5
2024-09-10 10:30,Lab 2,21.4
2024-09-10 10:30,Lab 3,18.6
2024-09-10 10:45,Lab 1,22.2
2024-09-10 10:45,Lab 2,21.3
2024-09-10 10:45,Lab 3,18.7
