timestamp,sensor,celsius
2024-09-10 23:30:00,A12,21.5
2024-09-10 23:35:00,A12,22.1
2024-09-10 23:40:00,A12,21.7
2024-09-10 23:50:00,A12,22.3
2024-09-10 23:45:00,A12,22.2
2024-09-10 23:55:00,A12,21.1
2024-09-11 00:00:00,A12,21.0
2024-09-11 00:05:00,A12,22.7
2024-09-11 00:10:00,A12,21.5
2024-09-11 00:15:00,A12,21.5
2024-09-11 00:50:00,A12,23.0
2024-09-11 00:55:00,A12,21.9
2024-09-11 01:05:00,A12,22.0
2024-09-11 01:00:00,A12,22.7
2024-09-11 01:10:00,A12,22.3
2024-09-11 01:15:00,A12,21.3
2024-09-11 01:20:00,A12,22.3
2024-09-11 01:25:00,A12,22.7
2024-09-11 01:30:00,A12,22.0
